City_ID,City,Country,Date,Lat,Lng,Max Temp,Humidity,Cloudiness,Wind Speed,Current Description
0,milkovo,RU,2021-10-03 21:25:42,54.7167,158.6167,43.48,88,100,12.64,overcast clouds
1,rikitea,PF,2021-10-03 21:25:42,-23.1203,-134.9692,73.62,63,83,17.25,broken clouds
2,mataura,NZ,2021-10-03 21:25:42,-46.1927,168.8643,47.48,85,100,8.16,overcast clouds
3,alekseyevka,RU,2021-10-03 21:25:43,50.6309,38.6903,51.03,62,78,5.7,broken clouds
4,sao miguel,BR,2021-10-03 21:25:43,-5.4667,-35.3667,81.37,72,4,15.77,clear sky
5,punta arenas,CL,2021-10-03 21:20:06,-53.15,-70.9167,44.71,57,0,34.52,clear sky
6,kostomuksha,RU,2021-10-03 21:25:44,64.571,30.5767,43.68,87,88,10.31,overcast clouds
7,burnie,AU,2021-10-03 21:25:44,-41.0667,145.9167,55.92,96,100,11.72,light rain
8,atuona,PF,2021-10-03 21:20:37,-9.8,-139.0333,77.7,75,13,17.78,few clouds
9,castro,BR,2021-10-03 21:20:55,-24.7911,-50.0119,63.72,99,100,4.59,heavy intensity rain
10,provideniya,RU,2021-10-03 21:20:20,64.3833,-173.3,32.11,69,75,6.71,broken clouds
11,saint-leu,RE,2021-10-03 21:21:51,-21.15,55.2833,72.46,75,0,4.09,clear sky
12,ballina,AU,2021-10-03 21:17:46,-28.8667,153.5667,67.78,52,13,7.25,few clouds
13,carmen,MX,2021-10-03 21:25:45,18.6333,-91.8333,87.84,62,75,11.5,broken clouds
14,santa maria,BR,2021-10-03 21:22:38,-29.6842,-53.8069,67.3,77,75,2.3,broken clouds
15,bambous virieux,MU,2021-10-03 21:20:58,-20.3428,57.7575,72.21,83,40,11.5,light rain
16,saint-philippe,RE,2021-10-03 21:20:14,-21.3585,55.7679,72.99,84,45,14.72,light rain
17,saint george,US,2021-10-03 21:17:46,37.1041,-113.5841,89.44,16,1,1.01,clear sky
18,ushuaia,AR,2021-10-03 21:20:20,-54.8,-68.3,40.66,75,75,36.82,broken clouds
19,rio grande,BR,2021-10-03 21:21:30,-32.035,-52.0986,62.71,74,100,18.3,overcast clouds
20,ambon,ID,2021-10-03 21:25:46,-3.6954,128.1814,75.34,94,40,8.05,scattered clouds
21,hobart,AU,2021-10-03 21:17:41,-42.8794,147.3294,54.1,96,75,4.61,broken clouds
22,lagoa,PT,2021-10-03 21:20:57,39.05,-27.9833,70.7,92,38,11.52,scattered clouds
23,bluff,NZ,2021-10-03 21:20:48,-46.6,168.3333,47.8,82,100,24.27,overcast clouds
24,lebu,CL,2021-10-03 21:21:04,-37.6167,-73.65,51.53,72,0,21.72,clear sky
25,isangel,VU,2021-10-03 21:22:12,-19.55,169.2667,80.71,89,75,2.3,broken clouds
26,albany,US,2021-10-03 21:20:04,42.6001,-73.9662,64.09,90,100,0.89,overcast clouds
27,upernavik,GL,2021-10-03 21:21:14,72.7868,-56.1549,30.58,90,100,4.5,overcast clouds
28,tasiilaq,GL,2021-10-03 21:21:03,65.6145,-37.6368,37.56,54,0,5.3,clear sky
29,sao filipe,CV,2021-10-03 21:21:17,14.8961,-24.4956,80.51,77,81,6.67,broken clouds
30,langham,CA,2021-10-03 21:25:47,52.3668,-106.9679,74.01,18,0,6.35,clear sky
31,kushima,JP,2021-10-03 21:25:47,31.4583,131.2333,72.91,74,0,6.24,clear sky
32,sudak,UA,2021-10-03 21:20:14,44.85,34.9667,57.27,71,97,11.68,overcast clouds
33,hermanus,ZA,2021-10-03 21:20:25,-34.4187,19.2345,53.91,68,64,8.37,broken clouds
34,tabuk,PH,2021-10-03 21:25:48,17.4189,121.4443,73.35,94,59,2.42,broken clouds
35,qaqortoq,GL,2021-10-03 21:24:38,60.7167,-46.0333,41.5,73,0,8.95,clear sky
36,mazara del vallo,IT,2021-10-03 21:25:48,37.6641,12.588,73.99,74,4,18.86,clear sky
37,riyadh,SA,2021-10-03 21:24:52,24.6877,46.7219,82.54,15,17,7.18,few clouds
38,zemio,CF,2021-10-03 21:25:49,5.0314,25.1361,69.22,93,93,3.13,overcast clouds
39,chuy,UY,2021-10-03 21:19:56,-33.6971,-53.4616,55.6,64,75,12.37,broken clouds
40,east london,ZA,2021-10-03 21:20:50,-33.0153,27.9116,57.83,71,50,5.19,light rain
41,busselton,AU,2021-10-03 21:19:52,-33.65,115.3333,53.62,65,96,6.02,overcast clouds
42,vila franca do campo,PT,2021-10-03 21:25:49,37.7167,-25.4333,73.2,87,98,4.45,overcast clouds
43,chernyshevskiy,RU,2021-10-03 21:25:50,63.0128,112.4714,30.06,98,100,3.15,overcast clouds
44,cap malheureux,MU,2021-10-03 21:19:13,-19.9842,57.6142,72.46,72,18,8.99,light rain
45,shelburne,CA,2021-10-03 21:25:50,44.0787,-80.2041,67.23,87,100,6.58,overcast clouds
46,north bend,US,2021-10-03 21:20:47,43.4065,-124.2243,76.24,69,1,19.57,clear sky
47,peachland,CA,2021-10-03 21:25:51,49.7665,-119.7357,72.86,36,13,1.99,few clouds
48,rawson,AR,2021-10-03 21:25:51,-43.3002,-65.1023,61.77,31,23,12.84,few clouds
49,rioja,AR,2021-10-03 21:25:51,-29.4111,-66.8507,69.98,22,0,9.24,clear sky
50,hithadhoo,MV,2021-10-03 21:20:33,-0.6,73.0833,82.98,77,85,18.3,overcast clouds
51,longyearbyen,SJ,2021-10-03 21:15:29,78.2186,15.6401,37.24,93,75,0.0,broken clouds
52,cidreira,BR,2021-10-03 21:20:58,-30.1811,-50.2056,65.39,95,100,8.57,overcast clouds
53,aklavik,CA,2021-10-03 21:22:45,68.2191,-135.0107,34.63,96,100,17.09,overcast clouds
54,butaritari,KI,2021-10-03 21:20:06,3.0707,172.7902,82.44,67,99,17.69,overcast clouds
55,yellowknife,CA,2021-10-03 21:16:31,62.456,-114.3525,53.42,44,40,13.8,scattered clouds
56,veere,NL,2021-10-03 21:25:52,51.5483,3.6667,57.94,92,20,11.01,few clouds
57,kiomboi,TZ,2021-10-03 21:25:53,-4.2667,34.3667,75.11,45,100,6.17,overcast clouds
58,chulman,RU,2021-10-03 21:25:53,56.8479,124.9104,19.08,99,64,2.62,broken clouds
59,korla,CN,2021-10-03 21:24:01,41.7597,86.1469,47.59,29,39,4.79,scattered clouds
60,valreas,FR,2021-10-03 21:25:54,44.3837,4.9908,58.62,93,100,3.89,overcast clouds
61,vaini,TO,2021-10-03 21:20:08,-21.2,-175.2,75.36,88,90,10.36,overcast clouds
62,carnarvon,AU,2021-10-03 21:20:14,-24.8667,113.6333,59.07,82,0,9.22,clear sky
63,jamestown,US,2021-10-03 21:20:39,42.097,-79.2353,68.02,97,90,4.0,overcast clouds
64,adrar,MR,2021-10-03 21:21:43,20.5022,-10.0711,94.3,11,9,4.63,clear sky
65,port hardy,CA,2021-10-03 21:20:51,50.6996,-127.4199,50.18,76,75,9.22,light intensity shower rain
66,new norfolk,AU,2021-10-03 21:20:32,-42.7826,147.0587,53.74,87,56,1.79,broken clouds
67,manhumirim,BR,2021-10-03 21:25:55,-20.3578,-41.9581,76.6,63,67,3.02,broken clouds
68,fort nelson,CA,2021-10-03 21:21:40,58.8053,-122.7002,49.59,34,75,13.8,broken clouds
69,dunedin,NZ,2021-10-03 21:21:45,-45.8742,170.5036,46.98,92,100,13.56,overcast clouds
70,cherskiy,RU,2021-10-03 21:20:15,68.75,161.3,16.18,97,94,2.51,overcast clouds
71,camocim,BR,2021-10-03 21:25:55,-2.9022,-40.8411,81.9,72,3,20.15,clear sky
72,launceston,AU,2021-10-03 21:25:56,-41.45,147.1667,55.04,93,90,1.99,heavy intensity drizzle
73,ribeira grande,PT,2021-10-03 21:20:44,38.5167,-28.7,72.01,89,27,7.38,scattered clouds
74,van,TR,2021-10-03 21:25:56,38.4924,43.3831,63.75,52,20,9.22,few clouds
75,thinadhoo,MV,2021-10-03 21:25:57,0.5333,72.9333,82.56,76,47,17.92,scattered clouds
76,bredasdorp,ZA,2021-10-03 21:20:21,-34.5322,20.0403,47.28,75,55,1.9,broken clouds
77,broken hill,AU,2021-10-03 21:25:58,-31.95,141.4333,55.11,54,0,12.66,clear sky
78,knysna,ZA,2021-10-03 21:25:58,-34.0363,23.0471,50.38,88,40,5.35,light rain
79,kavieng,PG,2021-10-03 21:20:49,-2.5744,150.7967,81.5,73,100,4.21,overcast clouds
80,ahipara,NZ,2021-10-03 21:20:38,-35.1667,173.1667,60.84,97,98,11.03,overcast clouds
81,dongdu,CN,2021-10-03 21:25:59,35.85,117.7,70.11,96,100,0.96,overcast clouds
82,port macquarie,AU,2021-10-03 21:21:12,-31.4333,152.9167,62.89,59,95,7.31,overcast clouds
83,mezen,RU,2021-10-03 21:25:59,65.8522,44.24,43.59,90,99,5.64,overcast clouds
84,qaanaaq,GL,2021-10-03 21:20:44,77.484,-69.3632,30.13,97,100,7.29,overcast clouds
85,san patricio,US,2021-10-03 21:21:39,28.017,-97.5169,92.12,47,85,8.08,overcast clouds
86,locri,IT,2021-10-03 21:26:00,38.2414,16.2623,70.83,73,36,2.66,scattered clouds
87,victoria,HK,2021-10-03 21:18:49,22.2855,114.1577,84.33,81,88,4.0,overcast clouds
88,rawlins,US,2021-10-03 21:26:00,41.7911,-107.2387,69.69,17,1,11.5,clear sky
89,dingle,PH,2021-10-03 21:20:55,10.9995,122.6711,75.34,95,100,5.61,moderate rain
90,mar del plata,AR,2021-10-03 21:20:31,-38.0023,-57.5575,54.0,56,40,17.0,scattered clouds
91,bethel,US,2021-10-03 21:19:55,41.3712,-73.414,73.89,76,90,3.44,overcast clouds
92,tahe,CN,2021-10-03 21:26:01,52.3333,124.7333,28.72,84,1,3.36,clear sky
93,balabac,PH,2021-10-03 21:26:01,7.9868,117.0645,79.72,83,100,9.8,light rain
94,los algarrobos,PA,2021-10-03 21:26:01,8.5,-82.4333,82.45,88,40,5.75,scattered clouds
95,padang,ID,2021-10-03 21:24:36,-0.9492,100.3543,76.71,87,93,2.68,overcast clouds
96,khatanga,RU,2021-10-03 21:26:02,71.9667,102.5,18.45,94,99,11.83,overcast clouds
97,ambanja,MG,2021-10-03 21:21:04,-13.6833,48.45,73.49,80,67,2.35,broken clouds
98,pathein,MM,2021-10-03 21:26:03,16.7833,94.7333,77.09,93,100,1.66,overcast clouds
99,cabo san lucas,MX,2021-10-03 21:20:06,22.8909,-109.9124,88.9,65,20,9.22,few clouds
100,tokur,RU,2021-10-03 21:26:03,53.1333,132.9,23.41,90,9,1.25,clear sky
101,boa vista,BR,2021-10-03 21:26:03,2.8197,-60.6733,91.38,49,40,11.5,scattered clouds
102,hami,CN,2021-10-03 21:20:37,42.8,93.45,46.42,33,0,3.36,clear sky
103,lavrentiya,RU,2021-10-03 21:22:30,65.5833,-171.0,25.95,69,14,2.28,few clouds
104,santa marta de tormes,ES,2021-10-03 21:26:04,40.9506,-5.6272,55.85,63,2,4.61,clear sky
105,kholm,RU,2021-10-03 21:26:05,59.2667,32.85,40.06,90,2,6.24,clear sky
106,meulaboh,ID,2021-10-03 21:24:19,4.1363,96.1285,74.75,87,59,3.78,broken clouds
107,tessalit,ML,2021-10-03 21:26:05,20.1986,1.0114,89.13,12,99,11.39,overcast clouds
108,tuatapere,NZ,2021-10-03 21:20:34,-46.1333,167.6833,47.82,92,100,3.47,overcast clouds
109,bengkulu,ID,2021-10-03 21:23:17,-3.8004,102.2655,74.7,91,96,3.31,light rain
110,sao geraldo do araguaia,BR,2021-10-03 21:26:06,-6.4006,-48.555,85.21,54,100,2.66,overcast clouds
111,cape town,ZA,2021-10-03 21:15:58,-33.9258,18.4232,56.08,59,20,10.36,few clouds
112,nanortalik,GL,2021-10-03 21:20:26,60.1432,-45.2371,39.16,80,0,5.37,clear sky
113,bilibino,RU,2021-10-03 21:26:06,68.0546,166.4372,13.26,96,91,3.62,overcast clouds
114,kapaa,US,2021-10-03 21:20:22,22.0752,-159.319,80.58,93,90,3.0,moderate rain
115,umtata,ZA,2021-10-03 21:23:02,-31.5889,28.7844,48.76,93,97,5.75,overcast clouds
116,malanje,AO,2021-10-03 21:26:07,-9.5402,16.341,72.66,51,97,6.87,overcast clouds
117,santa cruz,BO,2021-10-03 21:26:07,-17.8,-63.1667,92.66,49,40,13.8,scattered clouds
118,guerrero negro,MX,2021-10-03 21:23:29,27.9769,-114.0611,86.68,40,75,10.56,broken clouds
119,ubauro,PK,2021-10-03 21:26:08,28.1652,69.7289,87.93,54,4,10.74,clear sky
120,codrington,AU,2021-10-03 21:20:07,-38.2667,141.9667,49.84,88,54,17.92,broken clouds
121,georgetown,MY,2021-10-03 21:19:50,5.4112,100.3354,80.89,91,20,0.0,few clouds
122,paptalaya,HN,2021-10-03 21:26:08,15.5,-84.3167,87.84,67,68,5.14,broken clouds
123,bathsheba,BB,2021-10-03 21:21:44,13.2167,-59.5167,86.61,66,20,21.85,few clouds
124,emerald,AU,2021-10-03 21:22:24,-23.5333,148.1667,71.35,71,0,11.72,clear sky
125,palaia fokaia,GR,2021-10-03 21:26:09,37.72,23.9463,66.76,59,21,16.62,few clouds
126,karakol,KG,2021-10-03 21:26:09,42.4907,78.3936,43.02,54,100,1.36,overcast clouds
127,dikson,RU,2021-10-03 21:23:24,73.5069,80.5464,35.04,98,100,24.61,light rain
128,nantucket,US,2021-10-03 21:23:49,41.2835,-70.0995,69.04,88,91,10.27,overcast clouds
129,skjervoy,NO,2021-10-03 21:26:10,70.0311,20.9714,51.17,69,100,22.46,overcast clouds
130,pergamino,AR,2021-10-03 21:26:10,-33.89,-60.5736,67.24,28,7,9.82,clear sky
131,marienburg,PL,2021-10-03 21:21:38,54.0359,19.0266,57.88,67,89,13.91,overcast clouds
132,geraldton,AU,2021-10-03 21:26:11,-28.7667,114.6,48.61,87,40,9.22,scattered clouds
133,filingue,NE,2021-10-03 21:26:11,14.3521,3.3168,95.81,26,73,8.66,broken clouds
134,polyarnyy,RU,2021-10-03 21:26:12,69.1989,33.4478,41.47,79,71,21.16,broken clouds
135,puerto ayora,EC,2021-10-03 21:20:20,-0.7393,-90.3518,76.96,78,32,11.34,scattered clouds
136,ipameri,BR,2021-10-03 21:26:12,-17.7219,-48.1597,85.37,36,78,8.77,broken clouds
137,yumen,CN,2021-10-03 21:21:45,40.2833,97.2,41.54,43,99,11.61,overcast clouds
138,jalaun,IN,2021-10-03 21:26:12,26.1451,79.3366,84.2,69,28,5.66,scattered clouds
139,vostok,RU,2021-10-03 21:22:30,46.4856,135.8833,43.21,97,100,3.94,overcast clouds
140,katsuura,JP,2021-10-03 21:21:49,35.1333,140.3,69.91,78,2,6.93,clear sky
141,tuktoyaktuk,CA,2021-10-03 21:20:43,69.4541,-133.0374,33.8,100,90,16.11,light intensity drizzle
142,vardo,NO,2021-10-03 21:24:11,70.3705,31.1107,51.55,77,97,27.54,overcast clouds
143,severo-kurilsk,RU,2021-10-03 21:20:58,50.6789,156.125,47.53,78,76,35.57,broken clouds
144,evensk,RU,2021-10-03 21:20:41,61.95,159.2333,39.97,63,100,19.89,overcast clouds
145,saint-pierre,RE,2021-10-03 21:26:13,-21.3393,55.4781,73.08,68,90,3.44,overcast clouds
146,axim,GH,2021-10-03 21:20:47,4.8699,-2.2405,77.76,90,99,7.78,overcast clouds
147,kosonsoy,UZ,2021-10-03 21:26:14,41.2561,71.5508,45.16,89,25,4.85,scattered clouds
148,olga,RU,2021-10-03 21:26:14,43.7444,135.2892,59.81,97,100,2.86,moderate rain
149,chamba,IN,2021-10-03 21:26:15,32.5667,76.1333,67.62,77,0,7.2,clear sky
150,beringovskiy,RU,2021-10-03 21:21:08,63.05,179.3167,38.77,99,100,5.97,light rain
151,nikolskoye,RU,2021-10-03 21:20:28,59.7035,30.7861,46.87,89,0,7.58,clear sky
152,tirat karmel,IL,2021-10-03 21:26:15,32.7617,34.9719,72.63,68,0,8.3,clear sky
153,birao,CF,2021-10-03 21:21:55,10.2849,22.7882,74.75,80,93,5.26,overcast clouds
154,portland,US,2021-10-03 21:16:48,45.5234,-122.6762,72.86,63,20,1.01,few clouds
155,gigmoto,PH,2021-10-03 21:26:16,13.7796,124.39,81.03,87,100,15.14,light rain
156,saskylakh,RU,2021-10-03 21:16:13,71.9167,114.0833,17.15,92,99,11.77,overcast clouds
157,tura,IN,2021-10-03 21:23:56,25.5198,90.2201,70.92,98,80,4.09,broken clouds
158,souillac,MU,2021-10-03 21:21:01,-20.5167,57.5167,72.36,83,40,11.5,scattered clouds
159,lata,PT,2021-10-03 21:20:09,40.1629,-8.3327,58.82,84,36,0.87,scattered clouds
160,taoudenni,ML,2021-10-03 21:26:17,22.6783,-3.9836,96.84,9,87,10.65,overcast clouds
161,lompoc,US,2021-10-03 21:21:34,34.6391,-120.4579,95.68,50,1,13.8,clear sky
162,puerto escondido,MX,2021-10-03 21:26:17,15.85,-97.0667,88.63,55,75,8.05,broken clouds
163,novovarshavka,RU,2021-10-03 21:26:18,54.1721,74.6946,34.23,97,100,9.17,light rain
164,hauterive,FR,2021-10-03 21:26:18,46.0901,3.4459,54.36,96,100,5.75,light rain
165,aquiraz,BR,2021-10-03 21:26:18,-3.9014,-38.3911,82.49,80,1,13.0,clear sky
166,ode,NG,2021-10-03 21:26:19,7.7899,5.7117,70.93,94,86,4.94,light rain
167,san quintin,MX,2021-10-03 21:22:25,30.4833,-115.95,80.4,39,100,8.5,overcast clouds
168,port alfred,ZA,2021-10-03 21:20:18,-33.5906,26.891,55.62,76,35,6.33,light rain
169,bo rai,TH,2021-10-03 21:26:19,12.5728,102.5371,80.85,95,76,0.54,broken clouds
170,egvekinot,RU,2021-10-03 21:20:29,66.3167,-179.1667,26.8,98,100,3.85,snow
171,kenai,US,2021-10-03 21:24:10,60.5544,-151.2583,45.14,52,1,5.75,clear sky
172,zaysan,KZ,2021-10-03 21:22:13,47.4667,84.8667,39.81,60,98,0.6,overcast clouds
173,sola,VU,2021-10-03 21:26:20,-13.8833,167.55,81.27,83,40,5.75,scattered clouds
174,karratha,AU,2021-10-03 21:24:11,-20.7377,116.8463,69.12,66,0,6.67,clear sky
175,nyurba,RU,2021-10-03 21:21:19,63.2842,118.3319,26.19,89,91,4.63,overcast clouds
176,marovoay,MG,2021-10-03 21:26:20,-16.1,46.6333,71.74,75,37,4.45,scattered clouds
177,hilo,US,2021-10-03 21:15:38,19.7297,-155.09,80.8,72,90,6.91,light rain
178,changli,CN,2021-10-03 21:24:18,39.7042,119.1506,62.85,69,100,11.03,light rain
179,syracuse,IT,2021-10-03 21:26:21,37.0881,15.2792,69.85,66,7,3.78,clear sky
180,manadhoo,MV,2021-10-03 21:26:21,5.7667,73.3833,81.84,78,47,17.13,scattered clouds
181,aksarka,RU,2021-10-03 21:21:07,66.5606,67.7975,29.37,78,90,9.01,overcast clouds
182,matara,LK,2021-10-03 21:23:46,5.9485,80.5353,77.34,90,84,7.34,broken clouds
183,nuuk,GL,2021-10-03 21:22:38,64.1835,-51.7216,45.21,57,17,14.97,few clouds
184,esna,EG,2021-10-03 21:26:22,25.2934,32.554,78.13,37,0,15.14,clear sky
185,faanui,PF,2021-10-03 21:20:26,-16.4833,-151.75,78.62,73,40,10.65,scattered clouds
186,belaya gora,RU,2021-10-03 21:21:47,68.5333,146.4167,22.87,85,96,5.44,overcast clouds
187,shitanjing,CN,2021-10-03 21:26:23,39.2342,106.3439,51.67,40,84,3.62,light rain
188,sakakah,SA,2021-10-03 21:26:16,29.9697,40.2064,81.97,27,0,11.95,clear sky
189,saldanha,ZA,2021-10-03 21:22:22,-33.0117,17.9442,50.05,73,0,25.01,clear sky
190,myitkyina,MM,2021-10-03 21:26:23,25.3833,97.4,72.9,100,100,0.78,overcast clouds
191,iqaluit,CA,2021-10-03 21:22:34,63.7506,-68.5145,38.93,75,75,1.99,broken clouds
192,verkh-usugli,RU,2021-10-03 21:21:56,52.7,115.1667,29.59,74,68,1.45,broken clouds
193,carutapera,BR,2021-10-03 21:22:24,-1.195,-46.02,80.83,74,100,10.38,overcast clouds
194,namibe,AO,2021-10-03 21:20:27,-15.1961,12.1522,61.25,86,52,4.52,broken clouds
195,fortuna,US,2021-10-03 21:22:26,40.5982,-124.1573,67.86,72,40,10.36,scattered clouds
196,namatanai,PG,2021-10-03 21:24:17,-3.6667,152.4333,80.96,76,97,5.48,overcast clouds
197,ashqelon,IL,2021-10-03 21:26:24,31.6693,34.5715,75.09,65,76,7.54,broken clouds
198,ulladulla,AU,2021-10-03 21:26:24,-35.35,150.4667,62.87,80,80,3.42,broken clouds
199,nanlong,CN,2021-10-03 21:26:25,31.3533,106.0631,72.99,81,100,8.97,overcast clouds
200,sayyan,YE,2021-10-03 21:26:25,15.1718,44.3244,61.18,54,95,1.77,overcast clouds
201,constitucion,CL,2021-10-03 21:20:49,-35.3333,-72.4167,57.92,62,0,19.93,clear sky
202,chokurdakh,RU,2021-10-03 21:16:01,70.6333,147.9167,20.82,96,98,8.88,light snow
203,bajah,YE,2021-10-03 21:26:26,13.8141,44.6301,72.88,69,93,6.96,overcast clouds
204,port elizabeth,ZA,2021-10-03 21:20:39,-33.918,25.5701,54.1,75,4,7.4,clear sky
205,yatou,CN,2021-10-03 21:26:26,37.15,122.3833,73.26,94,100,17.43,moderate rain
206,torbay,CA,2021-10-03 21:20:21,47.6666,-52.7314,55.76,89,75,3.44,broken clouds
207,sabha,LY,2021-10-03 21:24:24,27.0377,14.4283,79.57,30,2,8.75,clear sky
208,lewiston,US,2021-10-03 21:26:27,44.1003,-70.2148,56.75,98,90,3.44,light rain
209,bonthe,SL,2021-10-03 21:23:40,7.5264,-12.505,78.69,85,100,5.19,overcast clouds
210,zyryanka,RU,2021-10-03 21:26:27,65.75,150.85,22.3,95,82,7.67,broken clouds
211,grindavik,IS,2021-10-03 21:22:42,63.8424,-22.4338,48.15,87,0,19.57,clear sky
212,flin flon,CA,2021-10-03 21:26:27,54.7682,-101.865,62.44,36,90,9.22,smoke
213,yar-sale,RU,2021-10-03 21:24:02,66.8333,70.8333,30.94,75,100,6.89,overcast clouds
214,weligama,LK,2021-10-03 21:26:28,5.9667,80.4167,77.47,89,83,7.38,broken clouds
215,barrow,US,2021-10-03 21:20:05,71.2906,-156.7887,28.42,86,90,16.11,mist
216,mahebourg,MU,2021-10-03 21:21:25,-20.4081,57.7,72.25,83,40,11.5,light rain
217,kuytun,RU,2021-10-03 21:26:28,54.3419,101.5036,29.88,93,85,2.19,overcast clouds
218,jalu,LY,2021-10-03 21:21:30,29.0331,21.5482,74.12,42,0,5.93,clear sky
219,mount gambier,AU,2021-10-03 21:21:13,-37.8333,140.7667,46.51,91,37,14.58,scattered clouds
220,luderitz,NA,2021-10-03 21:15:40,-26.6481,15.1594,58.78,53,93,21.9,overcast clouds
221,arraial do cabo,BR,2021-10-03 21:18:55,-22.9661,-42.0278,76.96,83,75,12.66,moderate rain
222,kondagaon,IN,2021-10-03 21:26:29,19.6,81.6667,71.71,96,99,1.7,overcast clouds
223,kandrian,PG,2021-10-03 21:23:11,-6.2167,149.55,77.77,85,71,3.47,broken clouds
224,maldonado,UY,2021-10-03 21:23:26,-34.6667,-54.9167,55.22,67,66,11.45,broken clouds
225,hamilton,US,2021-10-03 21:15:23,39.1834,-84.5333,72.95,87,1,1.01,clear sky
226,hambantota,LK,2021-10-03 21:21:31,6.1241,81.1185,79.12,85,92,12.57,overcast clouds
227,healesville,AU,2021-10-03 21:26:30,-37.65,145.5167,55.35,78,35,4.0,scattered clouds
228,andenes,NO,2021-10-03 21:26:30,69.3143,16.1194,53.58,66,90,16.11,overcast clouds
229,rio gallegos,AR,2021-10-03 21:20:19,-51.6226,-69.2181,53.65,32,75,40.29,broken clouds
230,harrisonville,US,2021-10-03 21:26:31,38.6533,-94.3488,79.36,58,40,9.22,scattered clouds
231,tierralta,CO,2021-10-03 21:26:31,8.1736,-76.0592,82.89,84,98,5.21,overcast clouds
232,sabang,ID,2021-10-03 21:26:32,5.8933,95.3214,81.75,77,51,14.03,broken clouds
233,miedzychod,PL,2021-10-03 21:26:32,52.5988,15.897,57.67,66,100,6.46,overcast clouds
234,saint-augustin,CA,2021-10-03 21:22:46,51.226,-58.6502,41.97,92,100,8.43,overcast clouds
235,nachingwea,TZ,2021-10-03 21:26:33,-10.3833,38.7667,68.85,76,15,5.26,few clouds
236,kalianget,ID,2021-10-03 21:26:33,-7.05,113.9333,80.51,76,92,3.71,overcast clouds
237,great bend,US,2021-10-03 21:26:33,38.3645,-98.7648,81.88,31,1,3.0,clear sky
238,turukhansk,RU,2021-10-03 21:20:35,65.8167,87.9833,29.21,97,98,4.16,overcast clouds
239,clyde river,CA,2021-10-03 21:21:26,70.4692,-68.5914,36.14,84,90,2.35,overcast clouds
240,chililabombwe,ZM,2021-10-03 21:26:34,-12.3648,27.8229,67.42,82,97,2.28,light rain
241,taksimo,RU,2021-10-03 21:26:34,56.3444,114.8794,29.26,83,38,2.68,scattered clouds
242,pucallpa,PE,2021-10-03 21:26:35,-8.3791,-74.5539,95.04,49,40,2.3,scattered clouds
243,brae,GB,2021-10-03 21:23:39,60.3964,-1.353,49.91,84,100,32.1,overcast clouds
244,erzin,TR,2021-10-03 21:26:35,36.9559,36.2,72.32,66,0,0.56,clear sky
245,hit,IQ,2021-10-03 21:20:52,33.6416,42.8251,81.28,30,0,11.18,clear sky
246,yuancheng,CN,2021-10-03 21:26:35,36.652,107.7896,48.42,82,100,19.53,moderate rain
247,zeya,RU,2021-10-03 21:26:36,53.75,127.2667,29.91,75,0,5.19,clear sky
248,huarmey,PE,2021-10-03 21:26:36,-10.0681,-78.1522,67.24,74,77,12.57,broken clouds
249,makakilo city,US,2021-10-03 21:26:37,21.3469,-158.0858,86.32,62,90,12.66,overcast clouds
250,sur,OM,2021-10-03 21:23:57,22.5667,59.5289,82.67,77,100,15.9,overcast clouds
251,kualakapuas,ID,2021-10-03 21:26:37,-3.0091,114.3876,75.36,94,100,0.96,light rain
252,chupa,RU,2021-10-03 21:26:37,66.27,33.0549,44.85,87,67,9.22,broken clouds
253,baykit,RU,2021-10-03 21:26:38,61.67,96.37,34.29,94,98,1.1,overcast clouds
254,hofn,IS,2021-10-03 21:21:20,64.2539,-15.2082,47.64,80,100,18.7,overcast clouds
255,hasaki,JP,2021-10-03 21:20:59,35.7333,140.8333,66.6,82,0,8.57,clear sky
256,devon,GB,2021-10-03 21:26:38,50.75,-3.75,55.35,64,23,10.67,few clouds
257,khorixas,NA,2021-10-03 21:26:39,-20.3667,14.9667,58.68,52,0,3.33,clear sky
258,baracoa,CU,2021-10-03 21:26:39,20.3467,-74.4958,82.67,76,74,4.5,broken clouds
259,qui nhon,VN,2021-10-03 21:26:39,13.7667,109.2333,76.33,90,100,6.98,overcast clouds
260,moindou,NC,2021-10-03 21:26:40,-21.6924,165.677,76.95,76,1,7.14,clear sky
261,lashio,MM,2021-10-03 21:21:40,22.9333,97.75,65.35,100,87,0.98,overcast clouds
262,ponta delgada,PT,2021-10-03 21:26:40,37.7333,-25.6667,73.51,94,75,4.61,broken clouds
263,tautira,PF,2021-10-03 21:23:56,-17.7333,-149.15,80.62,77,17,10.6,few clouds
264,san luis,AR,2021-10-03 21:24:23,-33.295,-66.3356,63.36,17,1,8.66,clear sky
265,gazanjyk,TM,2021-10-03 21:26:41,39.2446,55.5154,58.48,17,0,19.66,clear sky
266,varna,BG,2021-10-03 21:26:41,43.2167,27.9167,53.74,87,20,8.05,few clouds
267,labuhan,ID,2021-10-03 21:18:15,-6.8844,112.2051,77.92,76,100,11.81,overcast clouds
268,mecca,SA,2021-10-03 21:22:19,21.4267,39.8261,86.47,44,18,3.58,few clouds
269,along,IN,2021-10-03 21:26:42,28.1667,94.7667,70.97,99,100,0.89,overcast clouds
270,muroto,JP,2021-10-03 21:26:42,33.2833,134.15,64.44,72,2,5.55,clear sky
271,lumeje,AO,2021-10-03 21:26:43,-11.55,20.7833,72.09,63,58,4.0,broken clouds
272,sironj,IN,2021-10-03 21:26:43,24.1,77.7,76.08,86,3,4.7,clear sky
273,avarua,CK,2021-10-03 21:19:54,-21.2078,-159.775,78.85,65,75,9.22,broken clouds
274,spornoye,RU,2021-10-03 21:26:43,50.8448,37.2913,42.82,75,3,6.53,clear sky
275,norman wells,CA,2021-10-03 21:20:38,65.282,-126.8329,35.64,93,90,25.32,light rain and snow
276,takoradi,GH,2021-10-03 21:18:45,4.8845,-1.7554,77.63,90,100,8.39,overcast clouds
277,sumter,US,2021-10-03 21:26:44,28.7086,-82.0831,87.75,66,100,4.83,overcast clouds
278,pangnirtung,CA,2021-10-03 21:20:39,66.1451,-65.7125,38.35,71,94,2.44,overcast clouds
279,kahului,US,2021-10-03 21:19:37,20.8947,-156.47,87.06,71,40,25.32,scattered clouds
280,talnakh,RU,2021-10-03 21:23:39,69.4865,88.3972,16.72,97,97,1.05,overcast clouds
281,fort-shevchenko,KZ,2021-10-03 21:21:15,44.5086,50.263,59.22,36,99,20.65,overcast clouds
282,daru,PG,2021-10-03 21:26:45,-9.0763,143.2092,77.67,86,31,3.62,scattered clouds
283,kibondo,TZ,2021-10-03 21:26:45,-3.5864,30.7203,63.43,84,98,3.78,overcast clouds
284,aanekoski,FI,2021-10-03 21:26:46,62.6946,25.818,50.07,100,98,13.2,overcast clouds
285,port lincoln,AU,2021-10-03 21:21:53,-34.7333,135.8667,52.81,63,55,26.57,broken clouds
286,klaksvik,FO,2021-10-03 21:20:19,62.2266,-6.589,49.12,90,100,18.32,overcast clouds
287,huancavelica,PE,2021-10-03 21:26:46,-12.7667,-74.9833,52.18,47,62,10.13,light rain
288,kimparana,ML,2021-10-03 21:26:47,12.8347,-4.9244,84.96,46,35,7.05,scattered clouds
289,kosikha,RU,2021-10-03 21:26:47,53.3617,84.5822,34.57,91,100,6.73,overcast clouds
290,deputatskiy,RU,2021-10-03 21:26:48,69.3,139.9,14.95,93,100,5.55,overcast clouds
291,palmer,US,2021-10-03 21:26:48,42.1584,-72.3287,71.15,78,90,0.0,overcast clouds
292,buchanan,LR,2021-10-03 21:22:48,5.8808,-10.0467,78.76,88,90,4.59,overcast clouds
293,bilma,NE,2021-10-03 21:26:49,18.6853,12.9164,86.99,17,45,6.93,scattered clouds
294,ginir,ET,2021-10-03 21:26:49,7.1333,40.7,60.13,83,100,2.73,light rain
295,shiyan,CN,2021-10-03 21:26:50,32.6475,110.7781,72.39,94,56,2.1,broken clouds
296,praia da vitoria,PT,2021-10-03 21:20:01,38.7333,-27.0667,70.75,88,20,6.6,few clouds
297,prabumulih,ID,2021-10-03 21:26:50,-3.45,104.25,74.5,94,98,1.05,overcast clouds
298,havelock,US,2021-10-03 21:19:37,34.8791,-76.9013,79.99,65,38,5.01,scattered clouds
299,arman,RU,2021-10-03 21:26:50,59.7,150.1667,37.51,62,100,14.9,overcast clouds
300,kodiak,US,2021-10-03 21:20:34,57.79,-152.4072,41.5,51,2,7.67,clear sky
301,pevek,RU,2021-10-03 21:20:53,69.7008,170.3133,23.76,91,100,5.84,overcast clouds
302,manta,EC,2021-10-03 21:26:28,-0.95,-80.7333,78.58,65,20,16.11,few clouds
303,pailon,BO,2021-10-03 21:26:51,-17.65,-62.75,94.1,47,72,5.23,broken clouds
304,nouakchott,MR,2021-10-03 21:26:51,18.0858,-15.9785,82.33,77,1,13.53,clear sky
305,itamarandiba,BR,2021-10-03 21:26:52,-17.8572,-42.8589,79.27,43,97,3.18,overcast clouds
306,airai,TL,2021-10-03 21:21:00,-8.9266,125.4092,58.95,64,12,1.28,few clouds
307,narsaq,GL,2021-10-03 21:21:12,60.9167,-46.05,41.22,64,0,5.23,clear sky
308,whyalla,AU,2021-10-03 21:26:52,-33.0333,137.5833,53.49,76,90,9.22,overcast clouds
309,husavik,IS,2021-10-03 21:20:06,66.0449,-17.3389,42.71,98,100,20.58,overcast clouds
310,usinsk,RU,2021-10-03 21:26:53,65.9939,57.5281,30.74,78,28,9.53,scattered clouds
311,ancud,CL,2021-10-03 21:22:51,-41.8697,-73.8203,51.33,70,90,10.13,overcast clouds
312,tadine,NC,2021-10-03 21:26:53,-21.55,167.8833,75.69,86,49,1.88,scattered clouds
313,saint anthony,US,2021-10-03 21:21:16,45.0205,-93.218,73.89,57,1,4.0,clear sky
314,kautokeino,NO,2021-10-03 21:26:53,69.0125,23.0412,44.55,87,100,24.65,light rain
315,tucupita,VE,2021-10-03 21:26:54,9.0622,-62.051,76.28,95,100,5.06,overcast clouds
316,ornskoldsvik,SE,2021-10-03 21:26:54,63.2909,18.7153,53.42,100,90,21.85,moderate rain
317,emba,KZ,2021-10-03 21:21:40,48.8264,58.1442,48.02,54,89,7.52,overcast clouds
318,hwange,ZW,2021-10-03 21:26:55,-18.3693,26.5019,76.62,50,52,4.47,broken clouds
319,shirokiy,RU,2021-10-03 21:26:55,49.758,129.523,32.02,84,3,7.25,clear sky
320,morant bay,JM,2021-10-03 21:26:55,17.8815,-76.4093,82.02,75,47,8.9,scattered clouds
321,esperance,AU,2021-10-03 21:22:34,-33.8667,121.9,48.76,71,59,10.02,broken clouds
322,marsh harbour,BS,2021-10-03 21:21:52,26.5412,-77.0636,80.26,67,1,9.62,clear sky
323,acarau,BR,2021-10-03 21:22:17,-2.8856,-40.12,79.9,81,0,19.08,clear sky
324,mikuni,JP,2021-10-03 21:26:56,36.2171,136.1519,58.91,81,0,10.33,clear sky
325,okahandja,NA,2021-10-03 21:26:56,-21.9833,16.9167,66.83,14,0,1.77,clear sky
326,port augusta,AU,2021-10-03 21:26:57,-32.5,137.7667,55.71,85,4,7.85,clear sky
327,imbituba,BR,2021-10-03 21:21:16,-28.24,-48.6703,73.29,92,100,5.14,light rain
328,poiana lacului,RO,2021-10-03 21:26:57,44.8167,24.7333,48.07,52,0,5.08,clear sky
329,ixtapa,MX,2021-10-03 21:24:31,20.7,-105.2,88.23,70,20,10.36,few clouds
330,hvide sande,DK,2021-10-03 21:26:57,56.0045,8.1294,57.99,78,100,23.64,overcast clouds
331,bhabua,IN,2021-10-03 21:26:58,25.05,83.6167,75.02,92,88,4.5,moderate rain
332,havre-saint-pierre,CA,2021-10-03 21:17:55,50.2334,-63.5986,52.16,66,90,6.91,overcast clouds
333,thompson,CA,2021-10-03 21:20:15,55.7435,-97.8558,64.56,48,75,3.44,smoke
334,nabire,ID,2021-10-03 21:25:06,-3.3667,135.4833,74.97,90,100,3.09,overcast clouds
335,almaznyy,RU,2021-10-03 21:26:58,48.0448,40.045,48.34,48,33,9.37,scattered clouds
336,kruisfontein,ZA,2021-10-03 21:21:03,-34.0033,24.7314,51.89,79,41,5.37,scattered clouds
337,abalak,RU,2021-10-03 21:26:59,58.1286,68.5944,30.83,82,100,8.95,overcast clouds
338,port hawkesbury,CA,2021-10-03 21:26:59,45.6169,-61.3485,56.79,84,75,3.0,broken clouds
339,verkhnevilyuysk,RU,2021-10-03 21:27:00,63.4453,120.3167,26.96,87,95,4.21,overcast clouds
340,santiago del estero,AR,2021-10-03 21:21:54,-27.7951,-64.2615,58.8,29,100,5.48,overcast clouds
341,cortes,ES,2021-10-03 21:27:00,41.9395,-1.4396,57.25,67,98,16.91,overcast clouds
342,avera,US,2021-10-03 21:24:25,33.194,-82.5271,84.7,43,93,3.62,overcast clouds
343,vestmanna,FO,2021-10-03 21:21:39,62.1564,-7.1664,47.32,100,90,35.68,overcast clouds
344,vestmannaeyjar,IS,2021-10-03 21:22:06,63.4427,-20.2734,46.63,82,71,4.25,broken clouds
345,dekar,BW,2021-10-03 21:27:01,-21.5333,21.9333,62.11,13,0,8.5,clear sky
346,newport,GB,2021-10-03 21:17:42,51.5877,-2.9984,55.94,89,7,13.94,clear sky
347,tazovskiy,RU,2021-10-03 21:22:55,67.4667,78.7,33.04,91,100,9.64,overcast clouds
348,devils lake,US,2021-10-03 21:27:02,48.1128,-98.8651,75.94,38,1,7.0,clear sky
349,sinnamary,GF,2021-10-03 21:17:17,5.3833,-52.95,82.71,72,30,11.9,scattered clouds
350,celestun,MX,2021-10-03 21:27:02,20.8667,-90.4,84.94,67,53,14.2,broken clouds
351,kaeo,NZ,2021-10-03 21:27:03,-35.1,173.7833,64.33,97,100,11.83,moderate rain
352,forquilhinha,BR,2021-10-03 21:27:03,-28.7475,-49.4722,73.0,97,100,3.44,overcast clouds
353,coihaique,CL,2021-10-03 21:21:27,-45.5752,-72.0662,49.95,53,75,4.61,broken clouds
354,awbari,LY,2021-10-03 21:27:04,26.5921,12.7805,79.32,28,6,8.52,clear sky
355,nouadhibou,MR,2021-10-03 21:23:19,20.931,-17.0347,69.78,83,3,14.97,clear sky
356,mudgee,AU,2021-10-03 21:27:04,-32.5943,149.5871,59.61,94,0,6.91,clear sky
357,high level,CA,2021-10-03 21:23:29,58.5169,-117.136,46.51,49,75,8.05,broken clouds
358,faya,SA,2021-10-03 21:27:04,18.3851,42.4509,62.71,42,84,1.23,broken clouds
359,kilindoni,TZ,2021-10-03 21:27:05,-7.9139,39.6668,76.66,72,52,9.93,broken clouds
360,acapulco,MX,2021-10-03 21:20:22,16.8634,-99.8901,87.62,70,1,8.05,clear sky
361,naryan-mar,RU,2021-10-03 21:27:05,67.6713,53.087,38.95,92,87,10.69,overcast clouds
362,nemuro,JP,2021-10-03 21:24:02,43.3236,145.575,61.77,85,94,29.62,overcast clouds
363,corrales,US,2021-10-03 21:24:33,35.2378,-106.6067,78.39,30,40,1.99,scattered clouds
364,gresham,US,2021-10-03 21:27:06,45.4982,-122.4315,74.43,63,1,1.01,clear sky
365,asyut,EG,2021-10-03 21:27:06,27.181,31.1837,75.45,42,0,11.9,clear sky
366,bocas del toro,PA,2021-10-03 21:27:07,9.3333,-82.25,84.07,71,100,9.28,overcast clouds
367,sarankhola,BD,2021-10-03 21:27:07,22.3082,89.7897,77.76,94,100,5.12,moderate rain
368,kisii,KE,2021-10-03 21:27:08,-0.6817,34.7667,58.78,94,100,3.2,overcast clouds
369,tromso,NO,2021-10-03 21:21:50,69.6496,18.957,57.85,58,40,20.71,scattered clouds
370,poum,NC,2021-10-03 21:19:07,-20.2333,164.0167,74.88,85,0,11.3,clear sky
371,alta floresta,BR,2021-10-03 21:27:08,-9.8756,-56.0861,85.33,52,100,5.7,moderate rain
372,northam,GB,2021-10-03 21:22:34,51.0333,-4.2167,56.66,90,11,13.8,light rain
373,san rafael,AR,2021-10-03 21:27:08,-34.6177,-68.3301,64.44,12,0,8.9,clear sky
374,la ronge,CA,2021-10-03 21:21:03,55.1001,-105.2842,64.65,24,20,4.61,few clouds
375,bacalar,MX,2021-10-03 21:27:09,18.6667,-88.3833,82.51,78,75,0.0,broken clouds
376,salalah,OM,2021-10-03 21:27:09,17.0151,54.0924,80.69,89,75,6.91,broken clouds
377,tiksi,RU,2021-10-03 21:21:52,71.6872,128.8694,24.67,88,98,14.07,overcast clouds
378,kichera,RU,2021-10-03 21:27:10,55.9375,110.0997,33.13,77,100,3.94,overcast clouds
379,quixeramobim,BR,2021-10-03 21:27:10,-5.1992,-39.2928,89.73,31,10,5.39,clear sky
380,xining,CN,2021-10-03 21:27:10,36.6167,101.7667,38.55,93,100,2.15,overcast clouds
381,zhigansk,RU,2021-10-03 21:27:11,66.7697,123.3711,25.75,85,98,6.31,overcast clouds
382,mpulungu,ZM,2021-10-03 21:27:11,-8.7623,31.1141,76.98,66,100,2.15,overcast clouds
383,arinos,BR,2021-10-03 21:27:12,-15.9169,-46.1056,94.53,19,71,0.85,broken clouds
384,esso,RU,2021-10-03 21:27:12,55.9333,158.7,37.71,100,100,5.57,light rain
385,college,US,2021-10-03 21:21:09,64.8569,-147.8028,35.58,95,75,4.61,light snow
386,zverinogolovskoye,RU,2021-10-03 21:27:12,54.4586,64.8542,30.25,85,90,8.39,overcast clouds
387,lao cai,VN,2021-10-03 21:27:13,22.4833,103.95,74.84,97,96,1.28,light rain
388,dudinka,RU,2021-10-03 21:27:13,69.4058,86.1778,17.98,96,97,3.18,overcast clouds
389,vanimo,PG,2021-10-03 21:20:33,-2.6741,141.3028,76.73,85,97,3.13,overcast clouds
390,bandarbeyla,SO,2021-10-03 21:22:07,9.4942,50.8122,78.78,83,85,20.78,overcast clouds
391,nalut,LY,2021-10-03 21:27:14,30.3333,10.85,78.17,29,0,9.78,clear sky
392,kollam,IN,2021-10-03 21:27:14,8.8833,76.6,78.67,86,100,3.8,overcast clouds
393,kiunga,PG,2021-10-03 21:20:33,-6.1219,141.2906,70.7,99,94,0.87,overcast clouds
394,port hedland,AU,2021-10-03 21:24:18,-20.3167,118.5667,59.05,67,2,4.61,clear sky
395,kattivakkam,IN,2021-10-03 21:27:14,13.2167,80.3167,82.49,79,13,5.93,few clouds
396,guarapari,BR,2021-10-03 21:27:15,-20.6667,-40.4975,78.69,80,6,22.57,clear sky
397,timmins,CA,2021-10-03 21:23:32,48.4669,-81.3331,64.22,59,40,4.61,scattered clouds
398,fort dodge,US,2021-10-03 21:27:15,42.4975,-94.168,76.44,33,1,11.5,clear sky
399,ilulissat,GL,2021-10-03 21:21:01,69.2167,-51.1,28.42,64,100,2.3,overcast clouds
400,puro,PH,2021-10-03 21:27:16,12.4841,123.3827,78.06,93,100,13.0,moderate rain
401,blytheville,US,2021-10-03 21:26:11,35.9273,-89.919,82.54,54,20,8.01,few clouds
402,chegdomyn,RU,2021-10-03 21:27:16,51.1167,133.0167,28.62,88,12,1.23,few clouds
403,robertsport,LR,2021-10-03 21:27:17,6.7533,-11.3686,79.97,85,71,7.47,broken clouds
404,tual,ID,2021-10-03 21:21:37,-5.6667,132.75,80.65,67,98,7.63,overcast clouds
405,andros,GR,2021-10-03 21:27:17,37.8333,24.9333,67.41,61,12,15.01,few clouds
406,general pico,AR,2021-10-03 21:27:17,-35.6566,-63.7568,63.25,32,6,9.69,clear sky
407,malveira,PT,2021-10-03 21:24:47,38.9321,-9.2578,59.72,77,0,8.05,clear sky
408,hanyang,CN,2021-10-03 21:27:18,32.1371,105.5126,59.81,90,99,11.88,moderate rain
409,santa rosa,PH,2021-10-03 21:27:18,14.3122,121.1114,80.91,87,100,5.1,heavy intensity rain
410,caravelas,BR,2021-10-03 21:27:19,-17.7125,-39.2481,76.3,79,6,13.13,clear sky
411,quatre cocos,MU,2021-10-03 21:16:50,-20.2078,57.7625,72.09,80,37,15.26,light rain
412,tigil,RU,2021-10-03 21:27:19,57.8,158.6667,41.83,92,100,15.05,light rain
413,cayenne,GF,2021-10-03 21:27:19,4.9333,-52.3333,86.04,73,0,4.0,clear sky
414,swellendam,ZA,2021-10-03 21:27:20,-34.0226,20.4417,48.58,88,41,1.79,scattered clouds
415,vaitape,PF,2021-10-03 21:27:20,-16.5167,-151.75,78.62,72,40,10.6,scattered clouds
416,varkkallai,IN,2021-10-03 21:27:20,8.7341,76.7067,78.58,88,100,3.69,overcast clouds
417,tucuma,BR,2021-10-03 21:27:21,-0.1833,-50.05,83.71,66,99,12.06,overcast clouds
418,buala,SB,2021-10-03 21:24:35,-8.145,159.5921,81.27,79,66,2.77,broken clouds
419,edd,ER,2021-10-03 21:27:21,13.9297,41.6925,87.04,71,100,2.39,overcast clouds
420,porto novo,BJ,2021-10-03 21:27:21,6.4965,2.6036,82.22,87,31,4.81,scattered clouds
421,le port,RE,2021-10-03 21:27:22,-20.9373,55.2919,73.4,78,2,6.96,clear sky
422,sorong,ID,2021-10-03 21:27:22,-0.8833,131.25,77.05,88,100,9.75,overcast clouds
423,udachnyy,RU,2021-10-03 21:21:35,66.4167,112.4,27.1,79,100,4.36,overcast clouds
424,urubamba,PE,2021-10-03 21:27:22,-13.3047,-72.1158,74.3,57,69,8.66,broken clouds
425,marzuq,YE,2021-10-03 21:27:23,14.4,46.4667,76.01,59,100,8.57,overcast clouds
426,sarwar,IN,2021-10-03 21:27:23,26.0667,75.0,79.48,74,8,8.63,clear sky
427,puerto narino,CO,2021-10-03 21:27:24,-3.7703,-70.3831,80.55,64,89,2.86,light rain
428,campo maior,BR,2021-10-03 21:26:35,-4.8278,-42.1686,89.67,22,5,4.38,clear sky
429,barvinkove,UA,2021-10-03 21:27:24,48.9097,37.0205,45.55,50,0,8.08,clear sky
430,conway,US,2021-10-03 21:27:25,35.0887,-92.4421,84.09,56,1,10.36,clear sky
431,saint-joseph,RE,2021-10-03 21:22:22,-21.3667,55.6167,71.98,80,21,10.94,light rain
432,albion,US,2021-10-03 21:27:25,42.2431,-84.753,74.01,88,40,0.0,scattered clouds
433,miramar,US,2021-10-03 21:24:16,25.9873,-80.2323,87.01,63,40,12.66,scattered clouds
434,ankang,CN,2021-10-03 21:27:26,32.68,109.0172,71.37,91,82,1.74,broken clouds
435,muzhi,RU,2021-10-03 21:27:26,65.3667,64.6667,29.21,77,36,6.51,scattered clouds
436,kloulklubed,PW,2021-10-03 21:17:18,7.0419,134.2556,83.57,72,81,8.59,broken clouds
437,santa cruz de la palma,ES,2021-10-03 21:27:26,28.6835,-17.7642,73.54,73,0,14.97,clear sky
438,pacific grove,US,2021-10-03 21:21:23,36.6177,-121.9166,98.58,54,1,4.0,clear sky
439,oudtshoorn,ZA,2021-10-03 21:27:27,-33.5907,22.2014,46.76,83,23,3.31,few clouds
440,jharsuguda,IN,2021-10-03 21:27:28,21.85,84.0333,76.17,89,100,1.83,light rain
441,metro,ID,2021-10-03 21:27:28,-5.1131,105.3067,74.97,88,99,5.39,overcast clouds
442,santander,ES,2021-10-03 21:27:28,43.4647,-3.8044,59.47,79,20,5.01,few clouds
443,inhambane,MZ,2021-10-03 21:27:29,-23.865,35.3833,72.05,93,99,8.25,overcast clouds
444,maragogi,BR,2021-10-03 21:27:29,-9.0122,-35.2225,76.68,83,11,10.04,few clouds
445,armidale,AU,2021-10-03 21:27:29,-30.5167,151.65,61.81,42,5,15.41,clear sky
446,porto walter,BR,2021-10-03 21:27:30,-8.2686,-72.7439,94.57,37,73,3.85,broken clouds
447,oranjemund,NA,2021-10-03 21:27:30,-28.55,16.4333,55.04,80,2,22.86,clear sky
448,hualmay,PE,2021-10-03 21:22:09,-11.0964,-77.6139,65.82,74,49,10.8,scattered clouds
449,torrelavega,ES,2021-10-03 21:27:30,43.3494,-4.0479,59.81,87,23,5.01,few clouds
450,ajmer,IN,2021-10-03 21:27:31,26.45,74.6333,77.49,75,10,7.49,clear sky
451,idukki,IN,2021-10-03 21:27:31,9.85,76.9667,71.24,99,100,1.54,overcast clouds
452,ntoum,GA,2021-10-03 21:27:31,0.3833,9.7833,78.57,94,100,3.78,light rain
453,prince rupert,CA,2021-10-03 21:24:34,54.3161,-130.3201,49.69,75,90,10.36,light rain
454,ashland,US,2021-10-03 21:27:32,40.8167,-82.2665,73.42,84,93,8.34,overcast clouds
455,goroka,PG,2021-10-03 21:27:32,-6.0834,145.3873,62.4,96,86,1.61,overcast clouds
456,wukari,NG,2021-10-03 21:27:32,7.85,9.7833,76.82,85,31,5.28,scattered clouds
457,oussouye,SN,2021-10-03 21:27:33,12.485,-16.5469,84.38,83,98,4.27,overcast clouds
458,sistranda,NO,2021-10-03 21:27:33,63.7256,8.834,57.9,92,100,21.88,light rain
459,pisco,PE,2021-10-03 21:21:00,-13.7,-76.2167,66.25,68,0,18.41,clear sky
460,sicuani,PE,2021-10-03 21:27:34,-14.2694,-71.2261,50.45,70,99,10.98,overcast clouds
461,ambulu,ID,2021-10-03 21:23:40,-8.345,113.6058,74.1,89,52,1.21,broken clouds
462,rundu,NA,2021-10-03 21:27:34,-17.9333,19.7667,72.36,15,64,6.49,broken clouds
463,bam,IR,2021-10-03 21:22:42,29.106,58.357,76.93,19,3,11.65,clear sky
464,curup,ID,2021-10-03 21:27:35,-3.4667,102.5333,67.01,96,100,1.72,moderate rain
465,te anau,NZ,2021-10-03 21:22:36,-45.4167,167.7167,46.18,97,100,2.48,overcast clouds
466,palladam,IN,2021-10-03 21:27:35,10.9833,77.3,77.2,89,90,9.66,overcast clouds
467,eganville,CA,2021-10-03 21:27:36,45.5334,-77.0994,54.73,95,100,4.56,overcast clouds
468,hengshui,CN,2021-10-03 21:27:36,37.7322,115.7011,60.42,78,100,12.75,overcast clouds
469,beisfjord,NO,2021-10-03 21:27:36,68.3751,17.5988,59.05,88,100,10.51,overcast clouds
470,lithgow,AU,2021-10-03 21:27:37,-33.4833,150.15,51.87,66,0,9.91,clear sky
471,minas,UY,2021-10-03 21:27:37,-34.3759,-55.2377,54.52,66,86,12.24,overcast clouds
472,kaitangata,NZ,2021-10-03 21:16:08,-46.2817,169.8464,49.93,77,100,14.38,overcast clouds
473,fukue,JP,2021-10-03 21:27:38,32.6881,128.8419,76.96,71,3,17.65,clear sky
474,ghanzi,BW,2021-10-03 21:27:38,-21.5667,21.7833,62.13,12,0,8.86,clear sky
475,arvika,SE,2021-10-03 21:27:38,59.6553,12.5852,56.1,95,100,14.34,light rain
476,lorengau,PG,2021-10-03 21:23:51,-2.0226,147.2712,80.31,80,91,5.32,overcast clouds
477,carmelo,UY,2021-10-03 21:25:16,-33.9892,-58.2856,61.2,51,32,11.27,scattered clouds
478,yarkovo,RU,2021-10-03 21:27:39,57.4028,67.0786,29.8,87,75,9.17,broken clouds
479,gat,IL,2021-10-03 21:24:04,31.61,34.7642,74.08,71,30,5.97,scattered clouds
480,mahon,ES,2021-10-03 21:27:39,39.8885,4.2658,73.96,73,40,8.05,scattered clouds
481,salym,RU,2021-10-03 21:27:40,60.0625,71.4789,28.89,95,99,7.47,overcast clouds
482,barranca,PE,2021-10-03 21:22:21,-10.75,-77.7667,64.49,75,81,11.36,broken clouds
483,rantepao,ID,2021-10-03 21:27:40,-2.9701,119.8978,66.9,97,100,1.01,overcast clouds
484,boueni,YT,2021-10-03 21:27:41,-12.9025,45.0761,76.98,74,62,8.41,broken clouds
485,luanda,AO,2021-10-03 21:21:38,-8.8368,13.2343,73.4,78,20,9.22,few clouds
486,vila velha,BR,2021-10-03 21:21:00,-20.3297,-40.2925,78.75,83,0,18.41,clear sky
487,krasnoselkup,RU,2021-10-03 21:27:42,65.7,82.4667,20.7,88,37,9.66,scattered clouds
488,shahe,CN,2021-10-03 21:27:42,39.2708,113.5478,52.7,68,100,3.89,overcast clouds
489,cairns,AU,2021-10-03 21:23:41,-16.9167,145.7667,80.1,89,5,3.44,clear sky
490,kabinda,CD,2021-10-03 21:27:42,-6.1333,24.4833,68.88,87,100,0.38,overcast clouds
491,berlevag,NO,2021-10-03 21:21:37,70.8578,29.0864,53.55,58,0,41.43,clear sky
492,nianzishan,CN,2021-10-03 21:27:43,47.5167,122.8833,39.78,82,99,4.18,overcast clouds
493,belmonte,BR,2021-10-03 21:27:43,-15.8631,-38.8828,79.3,78,7,13.62,clear sky
494,ustyuzhna,RU,2021-10-03 21:27:44,58.8394,36.4321,39.36,88,34,4.7,scattered clouds
495,candolim,IN,2021-10-03 21:27:44,15.5181,73.7626,80.29,88,27,5.84,scattered clouds
496,boende,CD,2021-10-03 21:27:44,-0.2167,20.8667,70.65,98,93,4.21,overcast clouds
497,beyla,GN,2021-10-03 21:27:45,8.6833,-8.6333,70.63,91,46,1.07,scattered clouds
498,kieta,PG,2021-10-03 21:20:45,-6.2167,155.6333,81.0,76,100,1.68,overcast clouds
499,springbok,ZA,2021-10-03 21:20:46,-29.6643,17.8865,47.44,44,0,6.22,clear sky
500,slave lake,CA,2021-10-03 21:27:45,55.2834,-114.769,53.58,24,1,27.63,clear sky
501,roald,NO,2021-10-03 21:27:46,62.5833,6.1333,59.92,54,0,8.05,clear sky
502,leninogorsk,RU,2021-10-03 21:27:46,54.6026,52.4609,39.16,87,83,5.59,broken clouds
503,lubango,AO,2021-10-03 21:27:47,-14.9172,13.4925,61.83,41,34,4.09,scattered clouds
504,gayeri,BF,2021-10-03 21:27:47,12.6497,0.4931,86.11,42,2,7.96,clear sky
505,bacolod,PH,2021-10-03 21:27:47,10.6667,122.95,76.53,91,100,7.0,moderate rain
506,goba,ET,2021-10-03 21:27:48,7.0167,39.9833,50.11,91,78,3.83,broken clouds
507,verkhoyansk,RU,2021-10-03 21:24:04,67.5447,133.385,21.88,91,67,3.33,broken clouds
508,athabasca,CA,2021-10-03 21:22:33,54.7169,-113.2854,53.42,27,70,17.25,broken clouds
509,stavern,NO,2021-10-03 21:27:49,59.0,10.0333,52.3,96,100,16.33,moderate rain
510,rincon,US,2021-10-03 21:24:34,32.296,-81.2354,86.18,61,40,0.0,scattered clouds
511,broome,US,2021-10-03 21:17:50,42.2506,-75.833,68.02,80,90,3.0,overcast clouds
512,medea,DZ,2021-10-03 21:27:49,36.2642,2.7539,61.25,67,14,2.8,few clouds
513,honiara,SB,2021-10-03 21:20:56,-9.4333,159.95,81.27,83,23,1.99,few clouds
514,arequipa,PE,2021-10-03 21:24:46,-16.3989,-71.535,66.27,20,0,13.8,clear sky
515,victor harbor,AU,2021-10-03 21:27:50,-35.5667,138.6167,54.81,82,37,23.38,scattered clouds
516,saint-denis,FR,2021-10-03 21:27:50,48.9167,2.3333,56.17,83,0,3.0,clear sky
517,aykhal,RU,2021-10-03 21:23:22,66.0,111.5,26.28,81,100,4.54,overcast clouds
518,nhulunbuy,AU,2021-10-03 21:27:50,-12.2333,136.7667,77.61,88,75,6.91,broken clouds
519,birin,NP,2021-10-03 21:27:51,26.8865,88.0718,59.52,89,100,5.08,overcast clouds
520,bougouni,ML,2021-10-03 21:27:51,11.417,-7.479,78.37,68,18,3.6,few clouds
521,ranong,TH,2021-10-03 21:27:52,9.9658,98.6348,77.92,87,66,4.07,broken clouds
522,de-kastri,RU,2021-10-03 21:27:52,51.4667,140.7833,36.97,83,4,6.6,clear sky
523,cristalina,BR,2021-10-03 21:27:52,-16.7686,-47.6136,80.28,37,78,2.71,broken clouds
524,yaan,NG,2021-10-03 21:27:53,7.3833,8.5667,75.43,87,36,4.94,scattered clouds
525,balotra,IN,2021-10-03 21:27:53,25.8333,72.2333,83.37,62,6,10.09,clear sky
526,bosaso,SO,2021-10-03 21:27:53,11.2842,49.1816,88.03,62,20,2.01,few clouds
527,gabu,GW,2021-10-03 21:27:54,12.2833,-14.2167,79.63,81,98,2.95,overcast clouds
528,ilovlya,RU,2021-10-03 21:27:54,49.3033,43.9796,45.01,78,23,6.8,few clouds
529,biak,ID,2021-10-03 21:27:55,-0.9131,122.8766,75.36,82,96,8.77,overcast clouds
530,alofi,NU,2021-10-03 21:21:24,-19.0595,-169.9187,76.89,88,81,14.97,light rain
531,srednekolymsk,RU,2021-10-03 21:20:08,67.45,153.6833,22.64,94,98,4.23,overcast clouds
532,falam,MM,2021-10-03 21:20:58,22.9167,93.6833,60.64,99,100,3.4,overcast clouds
533,inta,RU,2021-10-03 21:27:56,66.0317,60.1659,30.99,88,87,7.94,overcast clouds
534,gualaquiza,EC,2021-10-03 21:27:57,-3.4,-78.55,72.34,89,45,1.79,moderate rain
535,hay river,CA,2021-10-03 21:27:57,60.8156,-115.7999,53.58,32,75,12.66,broken clouds
536,paysandu,UY,2021-10-03 21:23:26,-32.3214,-58.0756,59.61,58,100,6.29,overcast clouds
537,rypefjord,NO,2021-10-03 21:27:58,70.6333,23.6667,52.27,66,0,19.57,clear sky
538,lozovik,RS,2021-10-03 21:27:59,44.4677,21.1007,61.05,49,29,7.29,scattered clouds
539,lahan,NP,2021-10-03 21:27:59,26.7296,86.4951,75.63,87,100,1.57,overcast clouds
540,shurugwi,ZW,2021-10-03 21:28:00,-19.6702,30.0059,61.99,77,66,4.99,broken clouds
541,pedernales,DO,2021-10-03 21:28:00,18.0384,-71.744,81.28,66,100,11.3,overcast clouds
542,iacu,BR,2021-10-03 21:28:00,-12.7672,-40.2117,83.88,46,13,11.25,few clouds
543,walvis bay,NA,2021-10-03 21:24:19,-22.9575,14.5053,54.09,87,0,6.91,clear sky
544,lagunas,PE,2021-10-03 21:28:01,-5.2269,-75.6753,89.11,54,99,3.11,overcast clouds
545,urumqi,CN,2021-10-03 21:20:24,43.801,87.6005,38.35,75,0,2.24,clear sky
546,north charleston,US,2021-10-03 21:23:47,32.8886,-80.0075,79.92,84,75,5.75,broken clouds
547,ada,US,2021-10-03 21:28:01,43.4166,-116.1262,81.73,17,1,1.01,clear sky
548,olavarria,AR,2021-10-03 21:28:02,-36.8927,-60.3225,58.01,45,58,4.7,broken clouds
549,baykalovo,RU,2021-10-03 21:28:02,57.3981,63.7684,30.47,84,100,8.08,overcast clouds
550,kinablangan,PH,2021-10-03 21:28:03,7.6947,126.5503,76.68,85,100,4.79,overcast clouds
551,pasighat,IN,2021-10-03 21:28:03,28.0667,95.3333,72.99,98,100,2.84,overcast clouds
552,beloha,MG,2021-10-03 21:21:18,-25.1667,45.05,71.58,77,5,0.96,clear sky
553,ende,ID,2021-10-03 21:28:03,-8.8432,121.6623,77.2,86,94,4.16,overcast clouds
554,czersk,PL,2021-10-03 21:28:04,53.7959,17.9765,55.54,68,97,9.53,overcast clouds
555,margate,GB,2021-10-03 21:28:04,51.3813,1.3862,55.04,82,0,1.99,clear sky
556,puerto carreno,CO,2021-10-03 21:23:26,6.189,-67.4859,92.01,51,29,3.51,scattered clouds
557,kupang,ID,2021-10-03 21:20:36,-10.1667,123.5833,75.58,84,52,3.83,broken clouds
558,ambovombe,MG,2021-10-03 21:28:05,-25.1667,46.0833,71.11,83,1,5.88,clear sky
